FIPS,STATE_FIPS,CD,Geographic Name,Geographic Subtype,Total Vote,RANKD,RANKR,RANKI,Democratic,Republican,Independent,Libertarian,Green,Constitution,CA Democratic,CA Republican,Unity,Write-ins,Independent American,Conservative,Working Families,Working Class,State1,State2,State3,State4,State5,State6,State7,State8
fips,state_fips,cd,name,type,totalvote,rankD,rankR,rankI,vote1,vote2,vote3,vote4,vote5,vote6,vote7,vote8,vote9,vote10,vote11,vote12,vote13,vote14,vote15,vote16,vote17,vote18,vote19,vote20,vote21,vote22
1901,1,01,District 1,Congressional District,167226,0,1,0,0,139854,0,26197,0,0,0,0,0,1175,0,0,0,0,0,0,0,0,0,0,0,0
1902,1,02,District 2,Congressional District,198464,2,1,0,57800,137193,0,3380,0,0,0,0,0,91,0,0,0,0,0,0,0,0,0,0,0,0
1903,1,03,District 3,Congressional District,190071,2,1,3,47770,135448,3826,3027,0,0,0,0,0,0,0,0,0,0,0,0,0,0,0,0,0,0
1904,1,04,District 4,Congressional District,195373,2,1,0,26628,164371,0,4294,0,0,0,0,0,80,0,0,0,0,0,0,0,0,0,0,0,0
1905,1,05,District 5,Congressional District,211562,2,1,0,62466,141988,0,6740,0,0,0,0,0,368,0,0,0,0,0,0,0,0,0,0,0,0
1906,1,06,District 6,Congressional District,183985,0,1,0,0,154058,0,27792,0,0,0,0,0,2135,0,0,0,0,0,0,0,0,0,0,0,0
1907,1,07,District 7,Congressional District,193699,1,2,0,123060,67353,0,3207,0,0,0,0,0,79,0,0,0,0,0,0,0,0,0,0,0,0
2901,2,01,At Large,Congressional District,241699,1,2,0,116322,63025,0,4114,0,0,0,57437,0,801,0,0,0,0,0,0,0,0,0,0,0,0
4901,4,01,District 1,Congressional District,360000,2,1,0,178446,181554,0,0,0,0,0,0,0,0,0,0,0,0,0,0,0,0,0,0,0,0
4902,4,02,District 2,Congressional District,321952,2,1,0,148415,173537,0,0,0,0,0,0,0,0,0,0,0,0,0,0,0,0,0,0,0,0
4903,4,03,District 3,Congressional District,140234,1,2,0,107952,32282,0,0,0,0,0,0,0,0,0,0,0,0,0,0,0,0,0,0,0,0
4904,4,04,District 4,Congressional District,263960,1,2,0,148179,115781,0,0,0,0,0,0,0,0,0,0,0,0,0,0,0,0,0,0,0,0
4905,4,05,District 5,Congressional District,320117,2,1,3,119740,181619,18758,0,0,0,0,0,0,0,0,0,0,0,0,0,0,0,0,0,0,0
4906,4,06,District 6,Congressional District,347604,2,1,0,171298,176306,0,0,0,0,0,0,0,0,0,0,0,0,0,0,0,0,0,0,0,0
4907,4,07,District 7,Congressional District,194329,1,2,0,125496,68833,0,0,0,0,0,0,0,0,0,0,0,0,0,0,0,0,0,0,0,0
4908,4,08,District 8,Congressional District,196806,0,1,0,0,196806,0,0,0,0,0,0,0,0,0,0,0,0,0,0,0,0,0,0,0,0
4909,4,09,District 9,Congressional District,192013,0,1,0,0,192013,0,0,0,0,0,0,0,0,0,0,0,0,0,0,0,0,0,0,0,0
5901,5,01,District 1,Congressional District,202960,2,1,0,51997,150963,0,0,0,0,0,0,0,0,0,0,0,0,0,0,0,0,0,0,0,0
5902,5,02,District 2,Congressional District,245817,2,1,0,86553,147700,0,11564,0,0,0,0,0,0,0,0,0,0,0,0,0,0,0,0,0,0
5903,5,03,District 3,Congressional District,222859,2,1,0,73248,141985,0,7626,0,0,0,0,0,0,0,0,0,0,0,0,0,0,0,0,0,0
5904,5,04,District 4,Congressional District,216402,2,1,0,56644,153671,0,6087,0,0,0,0,0,0,0,0,0,0,0,0,0,0,0,0,0,0
6901,6,01,District 1,Congressional District,195748,2,1,0,76416,119332,0,0,0,0,0,0,0,0,0,0,0,0,0,0,0,0,0,0,0,0
6902,6,02,District 2,Congressional District,198400,1,2,0,146775,51625,0,0,0,0,0,0,0,0,0,0,0,0,0,0,0,0,0,0,0,0
6903,6,03,District 3,Congressional District,182024,2,1,0,85690,96334,0,0,0,0,0,0,0,0,0,0,0,0,0,0,0,0,0,0,0,0
6904,6,04,District 4,Congressional District,189642,1,2,0,127657,61985,0,0,0,0,0,0,0,0,0,0,0,0,0,0,0,0,0,0,0,0
6905,6,05,District 5,Congressional District,239941,2,1,0,92798,147143,0,0,0,0,0,0,0,0,0,0,0,0,0,0,0,0,0,0,0,0
6906,6,06,District 6,Congressional District,121850,1,2,0,68907,52943,0,0,0,0,0,0,0,0,0,0,0,0,0,0,0,0,0,0,0,0
6907,6,07,District 7,Congressional District,113061,1,2,0,76376,36685,0,0,0,0,0,0,0,0,0,0,0,0,0,0,0,0,0,0,0,0
6908,6,08,District 8,Congressional District,160535,1,2,0,119866,40669,0,0,0,0,0,0,0,0,0,0,0,0,0,0,0,0,0,0,0,0
6909,6,09,District 9,Congressional District,133148,1,2,0,74966,58182,0,0,0,0,0,0,0,0,0,0,0,0,0,0,0,0,0,0,0,0
6910,6,10,District 10,Congressional District,187467,1,0,0,149836,0,0,0,37631,0,0,0,0,0,0,0,0,0,0,0,0,0,0,0,0,0
6911,6,11,District 11,Congressional District,247499,1,2,0,207575,39924,0,0,0,0,0,0,0,0,0,0,0,0,0,0,0,0,0,0,0,0
6912,6,12,District 12,Congressional District,138594,1,2,0,123909,14685,0,0,0,0,0,0,0,0,0,0,0,0,0,0,0,0,0,0,0,0
6913,6,13,District 13,Congressional District,112442,1,2,0,56521,55921,0,0,0,0,0,0,0,0,0,0,0,0,0,0,0,0,0,0,0,0
6914,6,14,District 14,Congressional District,118126,1,2,0,80285,37841,0,0,0,0,0,0,0,0,0,0,0,0,0,0,0,0,0,0,0,0
6915,6,15,District 15,Congressional District,165847,1,0,0,92870,0,0,0,0,0,72977,0,0,0,0,0,0,0,0,0,0,0,0,0,0,0
6916,6,16,District 16,Congressional District,204386,1,0,0,118923,0,0,0,0,0,85463,0,0,0,0,0,0,0,0,0,0,0,0,0,0,0
6917,6,17,District 17,Congressional District,148244,1,2,0,105319,42925,0,0,0,0,0,0,0,0,0,0,0,0,0,0,0,0,0,0,0,0
6918,6,18,District 18,Congressional District,121402,1,2,0,80791,40611,0,0,0,0,0,0,0,0,0,0,0,0,0,0,0,0,0,0,0,0
6919,6,19,District 19,Congressional District,220325,1,2,0,155003,65322,0,0,0,0,0,0,0,0,0,0,0,0,0,0,0,0,0,0,0,0
6920,6,20,District 20,Congressional District,162779,2,1,0,53011,109768,0,0,0,0,0,0,0,0,0,0,0,0,0,0,0,0,0,0,0,0
6921,6,21,District 21,Congressional District,102399,1,2,0,56118,46281,0,0,0,0,0,0,0,0,0,0,0,0,0,0,0,0,0,0,0,0
6922,6,22,District 22,Congressional District,67562,2,1,0,32141,35421,0,0,0,0,0,0,0,0,0,0,0,0,0,0,0,0,0,0,0,0
6923,6,23,District 23,Congressional District,127973,2,1,0,49589,78384,0,0,0,0,0,0,0,0,0,0,0,0,0,0,0,0,0,0,0,0
6924,6,24,District 24,Congressional District,208092,1,2,0,127491,80601,0,0,0,0,0,0,0,0,0,0,0,0,0,0,0,0,0,0,0,0
6925,6,25,District 25,Congressional District,125335,1,2,0,72519,52816,0,0,0,0,0,0,0,0,0,0,0,0,0,0,0,0,0,0,0,0
6926,6,26,District 26,Congressional District,184486,1,2,0,101140,83346,0,0,0,0,0,0,0,0,0,0,0,0,0,0,0,0,0,0,0,0
6927,6,27,District 27,Congressional District,157736,2,1,0,72301,85435,0,0,0,0,0,0,0,0,0,0,0,0,0,0,0,0,0,0,0,0
6928,6,28,District 28,Congressional District,179349,1,2,0,117399,61950,0,0,0,0,0,0,0,0,0,0,0,0,0,0,0,0,0,0,0,0
6929,6,29,District 29,Congressional District,91032,1,0,0,55150,0,0,0,0,0,35882,0,0,0,0,0,0,0,0,0,0,0,0,0,0,0
6930,6,30,District 30,Congressional District,164752,1,0,0,118985,0,0,0,0,0,45767,0,0,0,0,0,0,0,0,0,0,0,0,0,0,0
6931,6,31,District 31,Congressional District,118181,1,2,0,68420,49761,0,0,0,0,0,0,0,0,0,0,0,0,0,0,0,0,0,0,0,0
6932,6,32,District 32,Congressional District,194246,1,2,0,132381,61865,0,0,0,0,0,0,0,0,0,0,0,0,0,0,0,0,0,0,0,0
6933,6,33,District 33,Congressional District,95926,1,2,0,54891,41035,0,0,0,0,0,0,0,0,0,0,0,0,0,0,0,0,0,0,0,0
6934,6,34,District 34,Congressional District,88580,1,0,0,46310,0,0,0,0,0,42270,0,0,0,0,0,0,0,0,0,0,0,0,0,0,0
6935,6,35,District 35,Congressional District,92847,1,2,0,51754,41093,0,0,0,0,0,0,0,0,0,0,0,0,0,0,0,0,0,0,0,0
6936,6,36,District 36,Congressional District,220983,1,2,0,151042,69941,0,0,0,0,0,0,0,0,0,0,0,0,0,0,0,0,0,0,0,0
6937,6,37,District 37,Congressional District,98204,1,0,0,62401,0,0,0,0,0,35803,0,0,0,0,0,0,0,0,0,0,0,0,0,0,0
6938,6,38,District 38,Congressional District,134260,1,2,0,75500,58760,0,0,0,0,0,0,0,0,0,0,0,0,0,0,0,0,0,0,0,0
6939,6,39,District 39,Congressional District,106925,1,2,0,61817,45108,0,0,0,0,0,0,0,0,0,0,0,0,0,0,0,0,0,0,0,0
6940,6,40,District 40,Congressional District,248059,2,1,0,104645,143414,0,0,0,0,0,0,0,0,0,0,0,0,0,0,0,0,0,0,0,0
6941,6,41,District 41,Congressional District,185043,2,1,0,89269,95774,0,0,0,0,0,0,0,0,0,0,0,0,0,0,0,0,0,0,0,0
6942,6,42,District 42,Congressional District,107594,1,2,0,71589,36005,0,0,0,0,0,0,0,0,0,0,0,0,0,0,0,0,0,0,0,0
6943,6,43,District 43,Congressional District,91565,1,2,0,69608,21957,0,0,0,0,0,0,0,0,0,0,0,0,0,0,0,0,0,0,0,0
6944,6,44,District 44,Congressional District,104814,1,2,0,73935,30879,0,0,0,0,0,0,0,0,0,0,0,0,0,0,0,0,0,0,0,0
6945,6,45,District 45,Congressional District,189444,2,1,0,87486,101958,0,0,0,0,0,0,0,0,0,0,0,0,0,0,0,0,0,0,0,0
6946,6,46,District 46,Congressional District,109094,1,2,0,65797,43297,0,0,0,0,0,0,0,0,0,0,0,0,0,0,0,0,0,0,0,0
6947,6,47,District 47,Congressional District,237980,1,2,0,120876,117104,0,0,0,0,0,0,0,0,0,0,0,0,0,0,0,0,0,0,0,0
6948,6,48,District 48,Congressional District,224999,2,1,0,89188,135811,0,0,0,0,0,0,0,0,0,0,0,0,0,0,0,0,0,0,0,0
6949,6,49,District 49,Congressional District,263919,1,2,0,137969,125950,0,0,0,0,0,0,0,0,0,0,0,0,0,0,0,0,0,0,0,0
6950,6,50,District 50,Congressional District,248824,1,2,0,155076,93748,0,0,0,0,0,0,0,0,0,0,0,0,0,0,0,0,0,0,0,0
6951,6,51,District 51,Congressional District,218675,1,2,0,134470,84205,0,0,0,0,0,0,0,0,0,0,0,0,0,0,0,0,0,0,0,0
6952,6,52,District 52,Congressional District,139069,1,2,0,92339,46730,0,0,0,0,0,0,0,0,0,0,0,0,0,0,0,0,0,0,0,0
8901,8,01,District 1,Congressional District,267844,1,2,0,214940,47073,0,5831,0,0,0,0,0,0,0,0,0,0,0,0,0,0,0,0,0,0
8902,8,02,District 2,Congressional District,344335,1,2,0,240671,96750,0,0,0,2159,0,0,1928,0,0,0,0,0,2827,0,0,0,0,0,0,0
8903,8,03,District 3,Congressional District,322958,2,1,0,160918,162040,0,0,0,0,0,0,0,0,0,0,0,0,0,0,0,0,0,0,0,0
8904,8,04,District 4,Congressional District,350021,2,1,0,128116,213182,0,0,0,8723,0,0,0,0,0,0,0,0,0,0,0,0,0,0,0,0
8905,8,05,District 5,Congressional District,276511,2,1,0,111212,154914,0,7028,0,3357,0,0,0,0,0,0,0,0,0,0,0,0,0,0,0,0
8906,8,06,District 6,Congressional District,279168,1,2,0,169023,104662,0,5483,0,0,0,0,0,0,0,0,0,0,0,0,0,0,0,0,0,0
8907,8,07,District 7,Congressional District,361240,1,2,0,203688,149620,0,6125,0,0,0,0,1807,0,0,0,0,0,0,0,0,0,0,0,0,0
8908,8,08,District 8,Congressional District,231920,1,2,0,112258,110567,0,9095,0,0,0,0,0,0,0,0,0,0,0,0,0,0,0,0,0,0
9901,9,01,District 1,Congressional District,243773,1,2,0,149438,91486,0,0,2849,0,0,0,0,0,0,0,0,0,0,0,0,0,0,0,0,0
9902,9,02,District 2,Congressional District,282780,1,2,0,164506,113724,0,2117,2433,0,0,0,0,0,0,0,0,0,0,0,0,0,0,0,0,0
9903,9,03,District 3,Congressional District,242651,1,2,3,137924,98704,4056,0,1967,0,0,0,0,0,0,0,0,0,0,0,0,0,0,0,0,0
9904,9,04,District 4,Congressional District,236084,1,2,0,140262,95822,0,0,0,0,0,0,0,0,0,0,0,0,0,0,0,0,0,0,0,0
9905,9,05,District 5,Congressional District,253612,1,2,0,127819,125793,0,0,0,0,0,0,0,0,0,0,0,0,0,0,0,0,0,0,0,0
10901,10,01,At Large,Congressional District,321649,1,2,4,178416,138201,1958,3074,0,0,0,0,0,0,0,0,0,0,0,0,0,0,0,0,0,0
12901,12,01,District 1,Congressional District,290736,2,1,0,93416,197320,0,0,0,0,0,0,0,0,0,0,0,0,0,0,0,0,0,0,0,0
12902,12,02,District 2,Congressional District,301340,2,1,0,121120,180220,0,0,0,0,0,0,0,0,0,0,0,0,0,0,0,0,0,0,0,0
12903,12,03,District 3,Congressional District,284843,2,1,3,103342,178091,3410,0,0,0,0,0,0,0,0,0,0,0,0,0,0,0,0,0,0,0
12904,12,04,District 4,Congressional District,274041,2,1,0,108358,165678,0,0,0,0,0,0,0,0,0,0,0,0,5,0,0,0,0,0,0,0
12905,12,05,District 5,Congressional District,0,0,0,0,0,0,0,0,0,0,0,0,0,0,0,0,0,0,0,0,0,0,0,0,0,0
12906,12,06,District 6,Congressional District,300725,0,1,0,0,226536,0,74189,0,0,0,0,0,0,0,0,0,0,0,0,0,0,0,0,0,0
12907,12,07,District 7,Congressional District,304009,2,1,0,126052,177957,0,0,0,0,0,0,0,0,0,0,0,0,0,0,0,0,0,0,0,0
12908,12,08,District 8,Congressional District,342169,2,1,0,120050,222119,0,0,0,0,0,0,0,0,0,0,0,0,0,0,0,0,0,0,0,0
12909,12,09,District 9,Congressional District,202337,1,2,0,108522,93815,0,0,0,0,0,0,0,0,0,0,0,0,0,0,0,0,0,0,0,0
12910,12,10,District 10,Congressional District,199878,1,2,3,117929,78838,2001,0,0,0,0,0,0,0,0,0,0,0,1110,0,0,0,0,0,0,0
12911,12,11,District 11,Congressional District,326585,2,1,3,115629,205989,4967,0,0,0,0,0,0,0,0,0,0,0,0,0,0,0,0,0,0,0
12912,12,12,District 12,Congressional District,321951,2,1,0,95368,226579,0,0,0,0,0,0,0,0,0,0,0,0,4,0,0,0,0,0,0,0
12913,12,13,District 13,Congressional District,341490,2,1,0,153839,181473,0,6158,0,0,0,0,0,0,0,0,0,0,3,17,0,0,0,0,0,0
12914,12,14,District 14,Congressional District,263097,1,2,0,149689,113408,0,0,0,0,0,0,0,0,0,0,0,0,0,0,0,0,0,0,0,0
12915,12,15,District 15,Congressional District,248027,2,1,0,102816,145211,0,0,0,0,0,0,0,0,0,0,0,0,0,0,0,0,0,0,0,0
12916,12,16,District 16,Congressional District,305281,2,1,0,115537,189738,0,0,0,0,0,0,0,0,0,0,0,0,6,0,0,0,0,0,0,0
12917,12,17,District 17,Congressional District,348596,2,1,3,123778,222592,2226,0,0,0,0,0,0,0,0,0,0,0,0,0,0,0,0,0,0,0
12918,12,18,District 18,Congressional District,224176,0,1,2,0,167396,56622,0,0,0,0,0,0,0,0,0,0,0,158,0,0,0,0,0,0,0
12919,12,19,District 19,Congressional District,313243,2,1,0,100198,213032,0,0,0,0,0,0,0,0,0,0,0,0,13,0,0,0,0,0,0,0
12920,12,20,District 20,Congressional District,188342,1,2,0,136192,52150,0,0,0,0,0,0,0,0,0,0,0,0,0,0,0,0,0,0,0,0
12921,12,21,District 21,Congressional District,328451,2,1,0,119859,208592,0,0,0,0,0,0,0,0,0,0,0,0,0,0,0,0,0,0,0,0
12922,12,22,District 22,Congressional District,272164,1,2,0,149977,122187,0,0,0,0,0,0,0,0,0,0,0,0,0,0,0,0,0,0,0,0
12923,12,23,District 23,Congressional District,278983,1,2,4,143897,130669,1338,0,0,0,0,0,0,0,0,0,0,0,3079,0,0,0,0,0,0,0
12924,12,24,District 24,Congressional District,185858,1,2,0,133416,52442,0,0,0,0,0,0,0,0,0,0,0,0,0,0,0,0,0,0,0,0
12925,12,25,District 25,Congressional District,234312,1,2,0,129085,105227,0,0,0,0,0,0,0,0,0,0,0,0,0,0,0,0,0,0,0,0
12926,12,26,District 26,Congressional District,202064,2,1,0,58838,143226,0,0,0,0,0,0,0,0,0,0,0,0,0,0,0,0,0,0,0,0
12927,12,27,District 27,Congressional District,237401,2,1,0,101370,136031,0,0,0,0,0,0,0,0,0,0,0,0,0,0,0,0,0,0,0,0
12928,12,28,District 28,Congressional District,211131,2,1,0,76647,134456,0,0,0,0,0,0,0,0,0,0,0,0,28,0,0,0,0,0,0,0
13901,13,01,District 1,Congressional District,263965,2,1,0,107837,156128,0,0,0,0,0,0,0,0,0,0,0,0,0,0,0,0,0,0,0,0
13902,13,02,District 2,Congressional District,241334,1,2,0,132670,108664,0,0,0,0,0,0,0,0,0,0,0,0,0,0,0,0,0,0,0,0
13903,13,03,District 3,Congressional District,310562,2,1,0,97046,213516,0,0,0,0,0,0,0,0,0,0,0,0,0,0,0,0,0,0,0,0
13904,13,04,District 4,Congressional District,275597,1,2,0,216306,59291,0,0,0,0,0,0,0,0,0,0,0,0,0,0,0,0,0,0,0,0
13905,13,05,District 5,Congressional District,295456,1,2,0,243687,51769,0,0,0,0,0,0,0,0,0,0,0,0,0,0,0,0,0,0,0,0
13906,13,06,District 6,Congressional District,332498,2,1,0,125612,206886,0,0,0,0,0,0,0,0,0,0,0,0,0,0,0,0,0,0,0,0
13907,13,07,District 7,Congressional District,234325,1,2,0,143063,91262,0,0,0,0,0,0,0,0,0,0,0,0,0,0,0,0,0,0,0,0
13908,13,08,District 8,Congressional District,260558,2,1,0,81870,178688,0,0,0,0,0,0,0,0,0,0,0,0,0,0,0,0,0,0,0,0
13909,13,09,District 9,Congressional District,294130,2,1,0,81318,212812,0,0,0,0,0,0,0,0,0,0,0,0,0,0,0,0,0,0,0,0
13910,13,10,District 10,Congressional District,307599,2,1,0,109097,198502,0,0,0,0,0,0,0,0,0,0,0,0,0,0,0,0,0,0,0,0
13911,13,11,District 11,Congressional District,302880,2,1,0,113127,189753,0,0,0,0,0,0,0,0,0,0,0,0,0,0,0,0,0,0,0,0
13912,13,12,District 12,Congressional District,265195,2,1,0,107148,158047,0,0,0,0,0,0,0,0,0,0,0,0,0,0,0,0,0,0,0,0
13913,13,13,District 13,Congressional District,264618,1,2,0,216390,48228,0,0,0,0,0,0,0,0,0,0,0,0,0,0,0,0,0,0,0,0
13914,13,14,District 14,Congressional District,258351,2,1,0,88189,170162,0,0,0,0,0,0,0,0,0,0,0,0,0,0,0,0,0,0,0,0
15901,15,01,District 1,Congressional District,193575,1,2,0,142742,50833,0,0,0,0,0,0,0,0,0,0,0,0,0,0,0,0,0,0,0,0
15902,15,02,District 2,Congressional District,205558,1,2,0,127995,72455,0,5108,0,0,0,0,0,0,0,0,0,0,0,0,0,0,0,0,0,0
16901,16,01,District 1,Congressional District,312433,2,1,0,82260,222893,0,7280,0,0,0,0,0,0,0,0,0,0,0,0,0,0,0,0,0,0
16902,16,02,District 2,Congressional District,271183,2,1,0,98736,172447,0,0,0,0,0,0,0,0,0,0,0,0,0,0,0,0,0,0,0,0
17901,17,01,District 1,Congressional District,226566,1,2,0,149457,76954,0,0,0,0,0,0,0,155,0,0,0,0,0,0,0,0,0,0,0,0
17902,17,02,District 2,Congressional District,203782,1,2,0,135622,68160,0,0,0,0,0,0,0,0,0,0,0,0,0,0,0,0,0,0,0,0
17903,17,03,District 3,Congressional District,165769,1,2,0,110970,54799,0,0,0,0,0,0,0,0,0,0,0,0,0,0,0,0,0,0,0,0
17904,17,04,District 4,Congressional District,127730,1,2,0,86643,36732,0,0,0,0,0,0,0,0,0,0,0,4355,0,0,0,0,0,0,0,0
17905,17,05,District 5,Congressional District,250232,1,2,3,169570,76584,4078,0,0,0,0,0,0,0,0,0,0,0,0,0,0,0,0,0,0,0
17906,17,06,District 6,Congressional District,271587,1,2,0,146517,125070,0,0,0,0,0,0,0,0,0,0,0,0,0,0,0,0,0,0,0,0
17907,17,07,District 7,Congressional District,153452,1,0,0,153452,0,0,0,0,0,0,0,0,0,0,0,0,0,0,0,0,0,0,0,0,0
17908,17,08,District 8,Congressional District,203404,1,2,0,114881,88523,0,0,0,0,0,0,0,0,0,0,0,0,0,0,0,0,0,0,0,0
17909,17,09,District 9,Congressional District,232884,1,2,0,164409,68475,0,0,0,0,0,0,0,0,0,0,0,0,0,0,0,0,0,0,0,0
17910,17,10,District 10,Congressional District,230593,1,2,0,143328,87265,0,0,0,0,0,0,0,0,0,0,0,0,0,0,0,0,0,0,0,0
17911,17,11,District 11,Congressional District,257190,1,2,0,143935,113223,0,0,0,0,0,0,0,32,0,0,0,0,0,0,0,0,0,0,0,0
17912,17,12,District 12,Congressional District,231173,2,1,0,60076,171020,0,0,0,0,0,0,0,77,0,0,0,0,0,0,0,0,0,0,0,0
17913,17,13,District 13,Congressional District,243417,1,2,0,135970,107296,0,0,0,0,0,0,0,151,0,0,0,0,0,0,0,0,0,0,0,0
17914,17,14,District 14,Congressional District,235573,1,2,0,127372,108010,0,0,0,0,0,0,0,191,0,0,0,0,0,0,0,0,0,0,0,0
17915,17,15,District 15,Congressional District,286293,2,1,0,82109,204184,0,0,0,0,0,0,0,0,0,0,0,0,0,0,0,0,0,0,0,0
17916,17,16,District 16,Congressional District,294151,2,1,0,98158,195993,0,0,0,0,0,0,0,0,0,0,0,0,0,0,0,0,0,0,0,0
17917,17,17,District 17,Congressional District,228562,1,2,0,118175,110256,0,0,0,0,0,0,0,131,0,0,0,0,0,0,0,0,0,0,0,0
18901,18,01,District 1,Congressional District,212926,1,2,0,112509,100411,0,0,0,0,0,0,0,0,0,0,0,0,6,0,0,0,0,0,0,0
18902,18,02,District 2,Congressional District,193788,2,1,0,62716,125204,0,5863,0,0,0,0,0,0,0,0,0,0,5,0,0,0,0,0,0,0
18903,18,03,District 3,Congressional District,200918,2,1,3,60312,131252,9354,0,0,0,0,0,0,0,0,0,0,0,0,0,0,0,0,0,0,0
18904,18,04,District 4,Congressional District,197110,2,1,0,62668,134442,0,0,0,0,0,0,0,0,0,0,0,0,0,0,0,0,0,0,0,0
18905,18,05,District 5,Congressional District,239869,2,1,0,93373,146496,0,0,0,0,0,0,0,0,0,0,0,0,0,0,0,0,0,0,0,0
18906,18,06,District 6,Congressional District,193225,2,1,0,62743,130482,0,0,0,0,0,0,0,0,0,0,0,0,0,0,0,0,0,0,0,0
18907,18,07,District 7,Congressional District,174584,1,2,0,116870,53487,0,4227,0,0,0,0,0,0,0,0,0,0,0,0,0,0,0,0,0,0
18908,18,08,District 8,Congressional District,211658,2,1,0,67165,138664,0,5829,0,0,0,0,0,0,0,0,0,0,0,0,0,0,0,0,0,0
18909,18,09,District 9,Congressional District,220775,2,1,0,75631,138765,0,6371,8,0,0,0,0,0,0,0,0,0,0,0,0,0,0,0,0,0
19901,19,01,District 1,Congressional District,304797,2,1,0,141795,162743,0,0,0,0,0,0,0,259,0,0,0,0,0,0,0,0,0,0,0,0
19902,19,02,District 2,Congressional District,318352,2,1,0,145907,172167,0,0,0,0,0,0,0,278,0,0,0,0,0,0,0,0,0,0,0,0
19903,19,03,District 3,Congressional District,310908,2,1,0,154113,156261,0,0,0,0,0,0,0,534,0,0,0,0,0,0,0,0,0,0,0,0
19904,19,04,District 4,Congressional District,276929,2,1,0,84193,186426,0,0,0,0,0,0,0,276,0,0,0,0,6034,0,0,0,0,0,0,0
20901,20,01,District 1,Congressional District,234984,2,1,0,75726,159258,0,0,0,0,0,0,0,0,0,0,0,0,0,0,0,0,0,0,0,0
20902,20,02,District 2,Congressional District,230345,2,1,0,97580,132765,0,0,0,0,0,0,0,0,0,0,0,0,0,0,0,0,0,0,0,0
20903,20,03,District 3,Congressional District,297019,1,2,0,163103,127116,0,6800,0,0,0,0,0,0,0,0,0,0,0,0,0,0,0,0,0,0
20904,20,04,District 4,Congressional District,225001,2,1,0,82138,142863,0,0,0,0,0,0,0,0,0,0,0,0,0,0,0,0,0,0,0,0
21901,21,01,District 1,Congressional District,245796,2,1,0,61693,184103,0,0,0,0,0,0,0,0,0,0,0,0,0,0,0,0,0,0,0,0
21902,21,02,District 2,Congressional District,237253,2,1,0,66767,170486,0,0,0,0,0,0,0,0,0,0,0,0,0,0,0,0,0,0,0,0
21903,21,03,District 3,Congressional District,259475,1,2,0,160853,98622,0,0,0,0,0,0,0,0,0,0,0,0,0,0,0,0,0,0,0,0
21904,21,04,District 4,Congressional District,257629,2,1,3,79977,167541,10111,0,0,0,0,0,0,0,0,0,0,0,0,0,0,0,0,0,0,0
21905,21,05,District 5,Congressional District,216267,2,1,0,38549,177712,0,0,0,0,0,0,0,0,0,0,0,0,6,0,0,0,0,0,0,0
21906,21,06,District 6,Congressional District,246171,2,1,0,83003,154760,0,0,0,0,0,0,0,0,0,0,0,0,8340,68,0,0,0,0,0,0
22901,22,01,District 1,Congressional District,244044,2,1,0,61467,177670,0,4907,0,0,0,0,0,0,0,0,0,0,0,0,0,0,0,0,0,0
22902,22,02,District 2,Congressional District,205047,1,2,0,158120,46927,0,0,0,0,0,0,0,0,0,0,0,0,0,0,0,0,0,0,0,0
22903,22,03,District 3,Congressional District,224552,3,1,6,23641,144423,3255,1620,0,0,21172,24474,0,0,0,0,0,0,4012,1955,0,0,0,0,0,0
22904,22,04,District 4,Congressional District,0,0,0,0,0,0,0,0,0,0,0,0,0,0,0,0,0,0,0,0,0,0,0,0,0,0
22905,22,05,District 5,Congressional District,223553,3,1,0,19383,151080,0,0,0,0,35149,5782,0,0,0,0,0,0,12159,0,0,0,0,0,0,0
22906,22,06,District 6,Congressional District,235928,0,1,0,0,189684,0,30709,0,0,0,15535,0,0,0,0,0,0,0,0,0,0,0,0,0,0
23901,23,01,District 1,Congressional District,0,0,0,0,0,0,0,0,0,0,0,0,0,0,0,0,0,0,0,0,0,0,0,0,0,0
23902,23,02,District 2,Congressional District,0,0,0,0,0,0,0,0,0,0,0,0,0,0,0,0,0,0,0,0,0,0,0,0,0,0
24901,24,01,District 1,Congressional District,281964,2,1,0,118945,156109,0,6671,0,0,0,0,0,239,0,0,0,0,0,0,0,0,0,0,0,0
24902,24,02,District 2,Congressional District,233140,1,2,0,131387,101441,0,0,0,0,0,0,0,312,0,0,0,0,0,0,0,0,0,0,0,0
24903,24,03,District 3,Congressional District,262995,1,2,0,154813,107931,0,0,0,0,0,0,0,251,0,0,0,0,0,0,0,0,0,0,0,0
24904,24,04,District 4,Congressional District,143995,1,2,0,129429,14205,0,0,0,0,0,0,0,361,0,0,0,0,0,0,0,0,0,0,0,0
24905,24,05,District 5,Congressional District,254108,1,2,0,163795,89919,0,0,0,0,0,0,0,394,0,0,0,0,0,0,0,0,0,0,0,0
24906,24,06,District 6,Congressional District,242416,1,2,0,129254,112860,0,0,0,0,0,0,0,302,0,0,0,0,0,0,0,0,0,0,0,0
24907,24,07,District 7,Congressional District,167251,1,2,0,136441,30430,0,0,0,0,0,0,0,380,0,0,0,0,0,0,0,0,0,0,0,0
24908,24,08,District 8,Congressional District,235390,1,2,0,186923,44559,0,3676,0,0,0,0,0,232,0,0,0,0,0,0,0,0,0,0,0,0
25901,25,01,District 1,Congressional District,0,0,0,0,0,0,0,0,0,0,0,0,0,0,0,0,0,0,0,0,0,0,0,0,0,0
25902,25,02,District 2,Congressional District,0,0,0,0,0,0,0,0,0,0,0,0,0,0,0,0,0,0,0,0,0,0,0,0,0,0
25903,25,03,District 3,Congressional District,0,0,0,0,0,0,0,0,0,0,0,0,0,0,0,0,0,0,0,0,0,0,0,0,0,0
25904,25,04,District 4,Congressional District,0,0,0,0,0,0,0,0,0,0,0,0,0,0,0,0,0,0,0,0,0,0,0,0,0,0
25905,25,05,District 5,Congressional District,0,0,0,0,0,0,0,0,0,0,0,0,0,0,0,0,0,0,0,0,0,0,0,0,0,0
25906,25,06,District 6,Congressional District,0,0,0,0,0,0,0,0,0,0,0,0,0,0,0,0,0,0,0,0,0,0,0,0,0,0
25907,25,07,District 7,Congressional District,0,0,0,0,0,0,0,0,0,0,0,0,0,0,0,0,0,0,0,0,0,0,0,0,0,0
25908,25,08,District 8,Congressional District,0,0,0,0,0,0,0,0,0,0,0,0,0,0,0,0,0,0,0,0,0,0,0,0,0,0
25909,25,09,District 9,Congressional District,0,0,0,0,0,0,0,0,0,0,0,0,0,0,0,0,0,0,0,0,0,0,0,0,0,0
26901,26,01,District 1,Congressional District,386653,2,1,0,144952,231652,0,4569,0,0,0,0,0,0,0,0,0,5480,0,0,0,0,0,0,0,0
26902,26,02,District 2,Congressional District,337620,2,1,0,115710,215092,0,6818,0,0,0,0,0,0,0,0,0,0,0,0,0,0,0,0,0,0
26903,26,03,District 3,Congressional District,339340,1,2,0,186109,142321,0,6718,0,0,0,0,0,0,0,0,0,4192,0,0,0,0,0,0,0,0
26904,26,04,District 4,Congressional District,334249,2,1,0,141147,182470,0,8427,0,2205,0,0,0,0,0,0,0,0,0,0,0,0,0,0,0,0
26905,26,05,District 5,Congressional District,312933,2,1,0,109176,195602,0,5060,0,3095,0,0,0,0,0,0,0,0,0,0,0,0,0,0,0,0
26906,26,06,District 6,Congressional District,366931,1,2,0,241763,125168,0,0,0,0,0,0,0,0,0,0,0,0,0,0,0,0,0,0,0,0
26907,26,07,District 7,Congressional District,372072,1,2,0,192251,172556,0,7265,0,0,0,0,0,0,0,0,0,0,0,0,0,0,0,0,0,0
26908,26,08,District 8,Congressional District,335820,1,2,0,178318,143845,0,4580,0,0,0,0,0,0,0,0,0,9077,0,0,0,0,0,0,0,0
26909,26,09,District 9,Congressional District,372900,2,1,0,123692,238289,0,4349,0,0,0,0,0,0,0,0,0,6570,0,0,0,0,0,0,0,0
26910,26,10,District 10,Congressional District,326234,2,1,0,157602,159203,0,3524,0,0,0,0,0,0,0,0,0,5905,0,0,0,0,0,0,0,0
26911,26,11,District 11,Congressional District,365392,1,2,0,224080,141312,0,0,0,0,0,0,0,0,0,0,0,0,0,0,0,0,0,0,0,0
26912,26,12,District 12,Congressional District,277536,1,2,0,196601,72889,0,0,0,0,0,0,0,0,0,0,0,8046,0,0,0,0,0,0,0,0
26913,26,13,District 13,Congressional District,233888,1,2,0,166203,56111,0,0,0,2763,0,0,0,0,0,0,0,8811,0,0,0,0,0,0,0,0
27901,27,01,District 1,Congressional District,296533,2,1,0,125450,159615,0,0,0,0,0,0,0,137,0,0,0,0,4942,6389,0,0,0,0,0,0
27902,27,02,District 2,Congressional District,325469,1,2,0,165582,148574,0,0,0,0,0,0,0,585,0,0,0,0,0,10728,0,0,0,0,0,0
27903,27,03,District 3,Congressional District,333918,1,2,0,198882,134795,0,0,0,0,0,0,0,241,0,0,0,0,0,0,0,0,0,0,0,0
27904,27,04,District 4,Congressional District,295968,1,2,0,200052,95491,0,0,0,0,0,0,0,425,0,0,0,0,0,0,0,0,0,0,0,0
27905,27,05,District 5,Congressional District,288193,1,2,0,214220,70699,0,0,0,0,0,0,0,3274,0,0,0,0,0,0,0,0,0,0,0,0
27906,27,06,District 6,Congressional District,319761,2,1,0,120847,198144,0,0,0,0,0,0,0,770,0,0,0,0,0,0,0,0,0,0,0,0
27907,27,07,District 7,Congressional District,305847,2,1,0,84447,204755,0,0,0,0,0,0,0,224,0,0,0,0,0,16421,0,0,0,0,0,0
27908,27,08,District 8,Congressional District,330085,2,1,0,141007,188761,0,0,0,0,0,0,0,317,0,0,0,0,0,0,0,0,0,0,0,0
28901,28,01,District 1,Congressional District,0,0,0,0,0,0,0,0,0,0,0,0,0,0,0,0,0,0,0,0,0,0,0,0,0,0
28902,28,02,District 2,Congressional District,0,0,0,0,0,0,0,0,0,0,0,0,0,0,0,0,0,0,0,0,0,0,0,0,0,0
28903,28,03,District 3,Congressional District,0,0,0,0,0,0,0,0,0,0,0,0,0,0,0,0,0,0,0,0,0,0,0,0,0,0
28904,28,04,District 4,Congressional District,0,0,0,0,0,0,0,0,0,0,0,0,0,0,0,0,0,0,0,0,0,0,0,0,0,0
29901,29,01,District 1,Congressional District,219780,1,2,0,160042,53572,0,6166,0,0,0,0,0,0,0,0,0,0,0,0,0,0,0,0,0,0
29902,29,02,District 2,Congressional District,315160,2,1,0,135639,173035,0,6486,0,0,0,0,0,0,0,0,0,0,0,0,0,0,0,0,0,0
29903,29,03,District 3,Congressional District,276823,2,1,0,96465,180358,0,0,0,0,0,0,0,0,0,0,0,0,0,0,0,0,0,0,0,0
29904,29,04,District 4,Congressional District,253785,2,1,0,66671,181023,0,6090,0,0,0,0,0,0,0,0,0,0,1,0,0,0,0,0,0,0
29905,29,05,District 5,Congressional District,229506,1,2,0,139882,83794,0,5830,0,0,0,0,0,0,0,0,0,0,0,0,0,0,0,0,0,0
29906,29,06,District 6,Congressional District,261754,2,1,0,71939,184070,0,5745,0,0,0,0,0,0,0,0,0,0,0,0,0,0,0,0,0,0
29907,29,07,District 7,Congressional District,250879,2,1,0,67082,177957,0,5839,0,0,0,0,0,0,0,0,0,0,1,0,0,0,0,0,0,0
29908,29,08,District 8,Congressional District,245095,2,1,0,53661,186259,0,5175,0,0,0,0,0,0,0,0,0,0,0,0,0,0,0,0,0,0
30901,30,01,District 1,Congressional District,247916,2,1,0,115265,123067,0,9584,0,0,0,0,0,0,0,0,0,0,0,0,0,0,0,0,0,0
30902,30,02,District 2,Congressional District,215615,3,1,2,43471,121942,47185,3017,0,0,0,0,0,0,0,0,0,0,0,0,0,0,0,0,0,0
31901,31,01,District 1,Congressional District,219542,2,1,0,91919,127623,0,0,0,0,0,0,0,0,0,0,0,0,0,0,0,0,0,0,0,0
31902,31,02,District 2,Congressional District,216256,2,1,0,104868,111388,0,0,0,0,0,0,0,0,0,0,0,0,0,0,0,0,0,0,0,0
31903,31,03,District 3,Congressional District,206670,2,1,0,34703,171967,0,0,0,0,0,0,0,0,0,0,0,0,0,0,0,0,0,0,0,0
32901,32,01,District 1,Congressional District,222773,1,2,0,114916,102355,0,5502,0,0,0,0,0,0,0,0,0,0,0,0,0,0,0,0,0,0
32902,32,02,District 2,Congressional District,304302,2,1,0,115186,181689,0,3351,0,0,0,0,0,0,4076,0,0,0,0,0,0,0,0,0,0,0
32903,32,03,District 3,Congressional District,250339,1,2,0,130237,120102,0,0,0,0,0,0,0,0,0,0,0,0,0,0,0,0,0,0,0,0
32904,32,04,District 4,Congressional District,220873,1,2,0,115836,105037,0,0,0,0,0,0,0,0,0,0,0,0,0,0,0,0,0,0,0,0
33901,33,01,District 1,Congressional District,309962,1,2,0,167391,142229,0,0,0,0,0,0,0,342,0,0,0,0,0,0,0,0,0,0,0,0
33902,33,02,District 2,Congressional District,307584,1,2,0,171636,135579,0,0,0,0,0,0,0,369,0,0,0,0,0,0,0,0,0,0,0,0
34901,34,01,District 1,Congressional District,218278,1,2,0,135599,77095,0,1492,0,0,0,0,0,223,0,0,0,0,618,3251,0,0,0,0,0,0
34902,34,02,District 2,Congressional District,210117,2,1,0,79362,128199,0,1668,0,0,0,0,0,82,0,0,0,0,806,0,0,0,0,0,0,0
34903,34,03,District 3,Congressional District,224187,1,2,0,123219,98897,0,1038,0,0,0,0,0,105,0,0,0,0,928,0,0,0,0,0,0,0
34904,34,04,District 4,Congressional District,254064,2,1,0,79183,170337,0,1857,0,0,0,0,0,195,0,0,0,0,424,1175,893,0,0,0,0,0
34905,34,05,District 5,Congressional District,259567,1,2,0,141039,115906,0,1170,0,0,0,0,0,157,0,0,0,0,689,606,0,0,0,0,0,0
34906,34,06,District 6,Congressional District,178334,1,2,0,101757,73675,0,1305,0,0,0,0,0,200,0,0,0,0,505,892,0,0,0,0,0,0
34907,34,07,District 7,Congressional District,296184,2,1,0,141034,154646,0,0,0,0,0,0,0,504,0,0,0,0,0,0,0,0,0,0,0,0
34908,34,08,District 8,Congressional District,100444,1,2,0,73417,23890,0,725,0,0,0,0,0,181,0,0,0,0,666,954,379,232,0,0,0,0
34909,34,09,District 9,Congressional District,144241,1,2,0,78465,63652,0,1011,0,0,0,0,0,76,0,0,0,0,1037,0,0,0,0,0,0,0
34910,34,10,District 10,Congressional District,120741,1,2,0,92895,24948,0,592,0,0,0,0,0,128,0,0,0,0,363,1815,0,0,0,0,0,0
34911,34,11,District 11,Congressional District,254796,1,2,0,147333,105251,0,2106,0,0,0,0,0,106,0,0,0,0,0,0,0,0,0,0,0,0
34912,34,12,District 12,Congressional District,155920,1,2,0,93773,60504,0,1484,0,0,0,0,0,159,0,0,0,0,0,0,0,0,0,0,0,0
35901,35,01,District 1,Congressional District,280523,1,2,0,156377,124108,0,0,0,0,0,0,0,0,0,0,0,0,38,0,0,0,0,0,0,0
35902,35,02,District 2,Congressional District,192641,1,2,0,96972,95635,0,0,0,0,0,0,0,0,0,0,0,0,34,0,0,0,0,0,0,0
35903,35,03,District 3,Congressional District,230754,1,2,0,134195,96559,0,0,0,0,0,0,0,0,0,0,0,0,0,0,0,0,0,0,0,0
36901,36,01,District 1,Congressional District,310472,2,1,0,136899,173275,0,0,0,0,0,0,0,298,0,0,0,0,0,0,0,0,0,0,0,0
36902,36,02,District 2,Congressional District,244169,2,1,0,95203,148649,0,0,0,0,0,0,0,317,0,0,0,0,0,0,0,0,0,0,0,0
36903,36,03,District 3,Congressional District,263302,2,1,0,120737,142472,0,0,0,0,0,0,0,93,0,0,0,0,0,0,0,0,0,0,0,0
36904,36,04,District 4,Congressional District,267680,2,1,0,128783,138831,0,0,0,0,0,0,0,66,0,0,0,0,0,0,0,0,0,0,0,0
36905,36,05,District 5,Congressional District,130528,1,2,0,97981,32393,0,0,0,0,0,0,0,154,0,0,0,0,0,0,0,0,0,0,0,0
36906,36,06,District 6,Congressional District,125811,1,2,0,79506,46188,0,0,0,0,0,0,0,117,0,0,0,0,0,0,0,0,0,0,0,0
36907,36,07,District 7,Congressional District,139326,1,2,0,111968,27142,0,0,0,0,0,0,0,216,0,0,0,0,0,0,0,0,0,0,0,0
36908,36,08,District 8,Congressional District,128954,1,2,0,93295,35486,0,0,0,0,0,0,0,173,0,0,0,0,0,0,0,0,0,0,0,0
36909,36,09,District 9,Congressional District,135645,1,0,0,111162,0,0,0,0,0,0,0,0,340,0,24143,0,0,0,0,0,0,0,0,0,0
36910,36,10,District 10,Congressional District,179032,1,2,0,149261,27230,0,0,0,0,0,0,0,1184,0,0,0,0,1357,0,0,0,0,0,0,0
36911,36,11,District 11,Congressional District,183021,2,1,0,69241,113485,0,0,0,0,0,0,0,295,0,0,0,0,0,0,0,0,0,0,0,0
36912,36,12,District 12,Congressional District,228586,1,2,0,186357,41264,0,0,0,0,0,0,0,382,0,0,0,0,583,0,0,0,0,0,0,0
36913,36,13,District 13,Congressional District,110217,1,0,0,109014,0,0,0,0,0,0,0,0,1203,0,0,0,0,0,0,0,0,0,0,0,0
36914,36,14,District 14,Congressional District,111798,1,2,0,78788,30661,0,0,0,0,0,0,0,221,0,2128,0,0,0,0,0,0,0,0,0,0
36915,36,15,District 15,Congressional District,88035,1,2,0,72610,15265,0,0,0,0,0,0,0,160,0,0,0,0,0,0,0,0,0,0,0,0
36916,36,16,District 16,Congressional District,204660,1,2,0,131185,73238,0,0,0,0,0,0,0,237,0,0,0,0,0,0,0,0,0,0,0,0
36917,36,17,District 17,Congressional District,280955,2,1,0,139082,141721,0,0,0,0,0,0,0,152,0,0,0,0,0,0,0,0,0,0,0,0
36918,36,18,District 18,Congressional District,261025,1,2,0,131474,129403,0,0,0,0,0,0,0,148,0,0,0,0,0,0,0,0,0,0,0,0
36919,36,19,District 19,Congressional District,278523,2,1,0,136071,142354,0,0,0,0,0,0,0,98,0,0,0,0,0,0,0,0,0,0,0,0
36920,36,20,District 20,Congressional District,287526,1,2,0,157913,129470,0,0,0,0,0,0,0,143,0,0,0,0,0,0,0,0,0,0,0,0
36921,36,21,District 21,Congressional District,278986,2,1,0,113255,165634,0,0,0,0,0,0,0,97,0,0,0,0,0,0,0,0,0,0,0,0
36922,36,22,District 22,Congressional District,261751,2,1,0,128837,132762,0,0,0,0,0,0,0,152,0,0,0,0,0,0,0,0,0,0,0,0
36923,36,23,District 23,Congressional District,290883,2,1,0,101643,189022,0,0,0,0,0,0,0,218,0,0,0,0,0,0,0,0,0,0,0,0
36924,36,24,District 24,Congressional District,269768,2,1,0,91703,177901,0,0,0,0,0,0,0,164,0,0,0,0,0,0,0,0,0,0,0,0
36925,36,25,District 25,Congressional District,277308,1,2,0,148681,128502,0,0,0,0,0,0,0,125,0,0,0,0,0,0,0,0,0,0,0,0
36926,36,26,District 26,Congressional District,239527,1,2,0,152576,86805,0,0,0,0,0,0,0,146,0,0,0,0,0,0,0,0,0,0,0,0
37901,37,01,District 1,Congressional District,256437,1,2,0,134074,122363,0,0,0,0,0,0,0,0,0,0,0,0,0,0,0,0,0,0,0,0
37902,37,02,District 2,Congressional District,289143,1,2,0,186303,102840,0,0,0,0,0,0,0,0,0,0,0,0,0,0,0,0,0,0,0,0
37903,37,03,District 3,Congressional District,247207,2,1,0,81508,165699,0,0,0,0,0,0,0,0,0,0,0,0,0,0,0,0,0,0,0,0
37904,37,04,District 4,Congressional District,287791,1,2,0,191980,95811,0,0,0,0,0,0,0,0,0,0,0,0,0,0,0,0,0,0,0,0
37905,37,05,District 5,Congressional District,275276,2,1,0,100923,174353,0,0,0,0,0,0,0,0,0,0,0,0,0,0,0,0,0,0,0,0
37906,37,06,District 6,Congressional District,256950,1,2,0,138104,116076,0,2770,0,0,0,0,0,0,0,0,0,0,0,0,0,0,0,0,0,0
37907,37,07,District 7,Congressional District,276622,2,1,0,116640,159982,0,0,0,0,0,0,0,0,0,0,0,0,0,0,0,0,0,0,0,0
37908,37,08,District 8,Congressional District,260563,2,1,0,77897,182666,0,0,0,0,0,0,0,0,0,0,0,0,0,0,0,0,0,0,0,0
37909,37,09,District 9,Congressional District,230610,2,1,0,99848,130762,0,0,0,0,0,0,0,0,0,0,0,0,0,0,0,0,0,0,0,0
37910,37,10,District 10,Congressional District,266824,2,1,0,72428,194055,0,0,0,0,0,0,0,341,0,0,0,0,0,0,0,0,0,0,0,0
37911,37,11,District 11,Congressional District,323314,2,1,0,143867,173966,0,5481,0,0,0,0,0,0,0,0,0,0,0,0,0,0,0,0,0,0
37912,37,12,District 12,Congressional District,222932,1,2,0,139810,83122,0,0,0,0,0,0,0,0,0,0,0,0,0,0,0,0,0,0,0,0
37913,37,13,District 13,Congressional District,273822,1,2,0,140531,133291,0,0,0,0,0,0,0,0,0,0,0,0,0,0,0,0,0,0,0,0
37914,37,14,District 14,Congressional District,257429,1,2,0,148562,108867,0,0,0,0,0,0,0,0,0,0,0,0,0,0,0,0,0,0,0,0
38901,38,01,At Large,Congressional District,237899,0,1,2,0,147980,89371,0,0,0,0,0,0,548,0,0,0,0,0,0,0,0,0,0,0,0
39901,39,01,District 1,Congressional District,288631,1,2,0,151418,137213,0,0,0,0,0,0,0,0,0,0,0,0,0,0,0,0,0,0,0,0
39902,39,02,District 2,Congressional District,252629,2,1,0,64329,188300,0,0,0,0,0,0,0,0,0,0,0,0,0,0,0,0,0,0,0,0
39903,39,03,District 3,Congressional District,249181,1,2,0,174846,74335,0,0,0,0,0,0,0,0,0,0,0,0,0,0,0,0,0,0,0,0
39904,39,04,District 4,Congressional District,284042,2,1,0,87144,196898,0,0,0,0,0,0,0,0,0,0,0,0,0,0,0,0,0,0,0,0
39905,39,05,District 5,Congressional District,274819,2,1,0,90614,184205,0,0,0,0,0,0,0,0,0,0,0,0,0,0,0,0,0,0,0,0
39906,39,06,District 6,Congressional District,276051,2,1,0,89086,186965,0,0,0,0,0,0,0,0,0,0,0,0,0,0,0,0,0,0,0,0
39907,39,07,District 7,Congressional District,297452,2,1,0,132548,164904,0,0,0,0,0,0,0,0,0,0,0,0,0,0,0,0,0,0,0,0
39908,39,08,District 8,Congressional District,272961,2,1,0,95829,177132,0,0,0,0,0,0,0,0,0,0,0,0,0,0,0,0,0,0,0,0
39909,39,09,District 9,Congressional District,260875,1,2,0,147512,113363,0,0,0,0,0,0,0,0,0,0,0,0,0,0,0,0,0,0,0,0
39910,39,10,District 10,Congressional District,260175,2,1,0,98383,161792,0,0,0,0,0,0,0,0,0,0,0,0,0,0,0,0,0,0,0,0
39911,39,11,District 11,Congressional District,209016,1,2,0,162154,46862,0,0,0,0,0,0,0,0,0,0,0,0,0,0,0,0,0,0,0,0
39912,39,12,District 12,Congressional District,269423,2,1,0,82101,187322,0,0,0,0,0,0,0,0,0,0,0,0,0,0,0,0,0,0,0,0
39913,39,13,District 13,Congressional District,278802,1,2,0,146621,132181,0,0,0,0,0,0,0,0,0,0,0,0,0,0,0,0,0,0,0,0
39914,39,14,District 14,Congressional District,291406,2,1,0,111155,180251,0,0,0,0,0,0,0,0,0,0,0,0,0,0,0,0,0,0,0,0
39915,39,15,District 15,Congressional District,244625,2,1,0,104613,140012,0,0,0,0,0,0,0,0,0,0,0,0,0,0,0,0,0,0,0,0
40901,40,01,District 1,Congressional District,233495,2,1,3,80974,142800,9721,0,0,0,0,0,0,0,0,0,0,0,0,0,0,0,0,0,0,0
40902,40,02,District 2,Congressional District,231672,2,1,3,54194,167843,9635,0,0,0,0,0,0,0,0,0,0,0,0,0,0,0,0,0,0,0
40903,40,03,District 3,Congressional District,197772,2,1,0,50354,147418,0,0,0,0,0,0,0,0,0,0,0,0,0,0,0,0,0,0,0,0
40904,40,04,District 4,Congressional District,224546,2,1,0,74667,149879,0,0,0,0,0,0,0,0,0,0,0,0,0,0,0,0,0,0,0,0
40905,40,05,District 5,Congressional District,258826,2,1,3,96799,152699,9328,0,0,0,0,0,0,0,0,0,0,0,0,0,0,0,0,0,0,0
41901,41,01,District 1,Congressional District,303693,1,2,0,206148,96967,0,0,0,0,0,0,0,578,0,0,0,0,0,0,0,0,0,0,0,0
41902,41,02,District 2,Congressional District,302845,2,1,0,97770,204593,0,0,0,0,0,0,0,482,0,0,0,0,0,0,0,0,0,0,0,0
41903,41,03,District 3,Congressional District,298086,1,2,0,208877,77972,0,0,10724,0,0,0,0,513,0,0,0,0,0,0,0,0,0,0,0,0
41904,41,04,District 4,Congressional District,331576,1,2,0,167706,143057,0,8704,5785,5862,0,0,0,462,0,0,0,0,0,0,0,0,0,0,0,0
41905,41,05,District 5,Congressional District,335329,2,1,0,164087,170351,0,0,0,0,0,0,0,891,0,0,0,0,0,0,0,0,0,0,0,0
41906,41,06,District 6,Congressional District,287891,1,2,0,143596,137203,0,0,0,6592,0,0,0,500,0,0,0,0,0,0,0,0,0,0,0,0
42901,42,01,District 1,Congressional District,364005,2,1,0,163851,200154,0,0,0,0,0,0,0,0,0,0,0,0,0,0,0,0,0,0,0,0
42902,42,02,District 2,Congressional District,182274,1,2,0,137348,44926,0,0,0,0,0,0,0,0,0,0,0,0,0,0,0,0,0,0,0,0
42903,42,03,District 3,Congressional District,255937,1,0,0,243665,0,0,0,0,0,0,0,0,0,0,0,0,0,12272,0,0,0,0,0,0,0
42904,42,04,District 4,Congressional District,363482,1,2,0,222114,141368,0,0,0,0,0,0,0,0,0,0,0,0,0,0,0,0,0,0,0,0
42905,42,05,District 5,Congressional District,311845,1,2,0,202271,109574,0,0,0,0,0,0,0,0,0,0,0,0,0,0,0,0,0,0,0,0
42906,42,06,District 6,Congressional District,324404,1,2,0,188783,135621,0,0,0,0,0,0,0,0,0,0,0,0,0,0,0,0,0,0,0,0
42907,42,07,District 7,Congressional District,295833,1,2,0,150573,145260,0,0,0,0,0,0,0,0,0,0,0,0,0,0,0,0,0,0,0,0
42908,42,08,District 8,Congressional District,283533,1,2,0,145318,138215,0,0,0,0,0,0,0,0,0,0,0,0,0,0,0,0,0,0,0,0
42909,42,09,District 9,Congressional District,300069,2,1,0,92076,207993,0,0,0,0,0,0,0,0,0,0,0,0,0,0,0,0,0,0,0,0
42910,42,10,District 10,Congressional District,312948,2,1,0,144152,168796,0,0,0,0,0,0,0,0,0,0,0,0,0,0,0,0,0,0,0,0
42911,42,11,District 11,Congressional District,315466,2,1,0,121078,194388,0,0,0,0,0,0,0,0,0,0,0,0,0,0,0,0,0,0,0,0
42912,42,12,District 12,Congressional District,324346,1,2,0,181281,143065,0,0,0,0,0,0,0,0,0,0,0,0,0,0,0,0,0,0,0,0
42913,42,13,District 13,Congressional District,260173,0,1,0,0,260173,0,0,0,0,0,0,0,0,0,0,0,0,0,0,0,0,0,0,0,0
42914,42,14,District 14,Congressional District,230461,0,1,0,0,230461,0,0,0,0,0,0,0,0,0,0,0,0,0,0,0,0,0,0,0,0
42915,42,15,District 15,Congressional District,304562,2,1,0,91324,213238,0,0,0,0,0,0,0,0,0,0,0,0,0,0,0,0,0,0,0,0
42916,42,16,District 16,Congressional District,319884,2,1,0,129913,189971,0,0,0,0,0,0,0,0,0,0,0,0,0,0,0,0,0,0,0,0
42917,42,17,District 17,Congressional District,358824,1,2,0,190763,168061,0,0,0,0,0,0,0,0,0,0,0,0,0,0,0,0,0,0,0,0
44901,44,01,District 1,Congressional District,156517,1,2,0,100131,56025,0,0,0,0,0,0,0,361,0,0,0,0,0,0,0,0,0,0,0,0
44902,44,02,District 2,Congressional District,200835,1,2,3,101228,93923,5485,0,0,0,0,0,0,199,0,0,0,0,0,0,0,0,0,0,0,0
45901,45,01,District 1,Congressional District,272681,2,1,0,115796,153757,0,0,0,0,0,0,0,494,0,0,0,0,2634,0,0,0,0,0,0,0
45902,45,02,District 2,Congressional District,246126,2,1,0,98081,147699,0,0,0,0,0,0,0,346,0,0,0,0,0,0,0,0,0,0,0,0
45903,45,03,District 3,Congressional District,194569,0,1,0,0,189971,0,0,0,0,0,0,0,4598,0,0,0,0,0,0,0,0,0,0,0,0
45904,45,04,District 4,Congressional District,182365,0,1,0,0,165607,0,0,0,0,0,0,0,16758,0,0,0,0,0,0,0,0,0,0,0,0
45905,45,05,District 5,Congressional District,241707,2,1,0,83299,154725,0,0,3547,0,0,0,0,136,0,0,0,0,0,0,0,0,0,0,0,0
45906,45,06,District 6,Congressional District,211028,1,2,0,130923,79879,0,0,0,0,0,0,0,226,0,0,0,0,0,0,0,0,0,0,0,0
45907,45,07,District 7,Congressional District,253865,2,1,0,89030,164440,0,0,0,0,0,0,0,395,0,0,0,0,0,0,0,0,0,0,0,0
46901,46,01,At Large,Congressional District,327841,0,1,0,0,253821,0,74020,0,0,0,0,0,0,0,0,0,0,0,0,0,0,0,0,0,0
47901,47,01,District 1,Congressional District,187896,2,1,0,37032,147153,0,0,0,0,0,0,0,0,0,0,0,0,2466,1245,0,0,0,0,0,0
47902,47,02,District 2,Congressional District,207678,2,1,0,66637,141041,0,0,0,0,0,0,0,0,0,0,0,0,0,0,0,0,0,0,0,0
47903,47,03,District 3,Congressional District,199005,2,1,0,60230,135934,0,0,0,0,0,0,0,0,0,0,0,0,1116,1725,0,0,0,0,0,0
47904,47,04,District 4,Congressional District,173348,2,1,0,44628,122336,0,0,0,0,0,0,0,0,0,0,0,0,1804,584,708,454,2834,0,0,0
47905,47,05,District 5,Congressional District,220787,2,1,0,93375,123358,0,0,0,0,0,0,0,0,0,0,0,0,2083,1125,846,0,0,0,0,0
47906,47,06,District 6,Congressional District,194909,2,1,0,65598,129311,0,0,0,0,0,0,0,0,0,0,0,0,0,0,0,0,0,0,0,0
47907,47,07,District 7,Congressional District,180678,2,1,0,68897,108358,0,0,0,0,0,0,0,0,0,0,0,0,3423,0,0,0,0,0,0,0
47908,47,08,District 8,Congressional District,210250,2,1,0,51083,155556,0,0,0,0,0,0,0,0,0,0,0,0,2541,1070,0,0,0,0,0,0
47909,47,09,District 9,Congressional District,133859,1,2,0,93755,35112,0,0,0,0,0,0,0,0,0,0,0,0,1160,484,3348,0,0,0,0,0
48901,48,01,District 1,Congressional District,234293,2,1,0,51288,183005,0,0,0,0,0,0,0,0,0,0,0,0,0,0,0,0,0,0,0,0
48902,48,02,District 2,Congressional District,229585,2,1,0,78216,151369,0,0,0,0,0,0,0,0,0,0,0,0,0,0,0,0,0,0,0,0
48903,48,03,District 3,Congressional District,270577,2,1,0,99758,163929,0,6890,0,0,0,0,0,0,0,0,0,0,0,0,0,0,0,0,0,0
48904,48,04,District 4,Congressional District,255366,2,1,0,78865,170466,0,6035,0,0,0,0,0,0,0,0,0,0,0,0,0,0,0,0,0,0
48905,48,05,District 5,Congressional District,212196,2,1,0,71770,135987,0,4297,0,0,0,0,0,0,0,0,0,0,142,0,0,0,0,0,0,0
48906,48,06,District 6,Congressional District,149107,0,1,0,0,149107,0,0,0,0,0,0,0,0,0,0,0,0,0,0,0,0,0,0,0,0
48907,48,07,District 7,Congressional District,180983,1,2,0,115390,65593,0,0,0,0,0,0,0,0,0,0,0,0,0,0,0,0,0,0,0,0
48908,48,08,District 8,Congressional District,224398,2,1,0,68485,152797,0,3116,0,0,0,0,0,0,0,0,0,0,0,0,0,0,0,0,0,0
48909,48,09,District 9,Congressional District,162912,1,2,0,124893,38019,0,0,0,0,0,0,0,0,0,0,0,0,0,0,0,0,0,0,0,0
48910,48,10,District 10,Congressional District,250958,2,1,0,86123,158784,0,6051,0,0,0,0,0,0,0,0,0,0,0,0,0,0,0,0,0,0
48911,48,11,District 11,Congressional District,145024,0,1,0,0,145024,0,0,0,0,0,0,0,0,0,0,0,0,0,0,0,0,0,0,0,0
48912,48,12,District 12,Congressional District,237611,2,1,0,84879,152732,0,0,0,0,0,0,0,0,0,0,0,0,0,0,0,0,0,0,0,0
48913,48,13,District 13,Congressional District,214301,2,1,0,52739,161562,0,0,0,0,0,0,0,0,0,0,0,0,0,0,0,0,0,0,0,0
48914,48,14,District 14,Congressional District,217703,2,1,0,68386,149317,0,0,0,0,0,0,0,0,0,0,0,0,0,0,0,0,0,0,0,0
48915,48,15,District 15,Congressional District,151590,2,1,0,67913,80869,0,2808,0,0,0,0,0,0,0,0,0,0,0,0,0,0,0,0,0,0
48916,48,16,District 16,Congressional District,148963,1,2,0,94266,54697,0,0,0,0,0,0,0,0,0,0,0,0,0,0,0,0,0,0,0,0
48917,48,17,District 17,Congressional District,216830,2,1,0,72647,144183,0,0,0,0,0,0,0,0,0,0,0,0,0,0,0,0,0,0,0,0
48918,48,18,District 18,Congressional District,155526,1,2,3,109968,40761,2753,2044,0,0,0,0,0,0,0,0,0,0,0,0,0,0,0,0,0,0
48919,48,19,District 19,Congressional District,189200,0,1,2,0,152042,37158,0,0,0,0,0,0,0,0,0,0,0,0,0,0,0,0,0,0,0
48920,48,20,District 20,Congressional District,167899,1,2,0,114822,53059,0,0,0,0,0,0,0,0,0,0,0,0,18,0,0,0,0,0,0,0
48921,48,21,District 21,Congressional District,328722,2,1,0,121936,206786,0,0,0,0,0,0,0,0,0,0,0,0,0,0,0,0,0,0,0,0
48922,48,22,District 22,Congressional District,240799,2,1,0,85440,149757,0,5362,0,0,0,0,0,0,0,0,0,0,240,0,0,0,0,0,0,0
48923,48,23,District 23,Congressional District,207725,2,1,3,80430,116172,11123,0,0,0,0,0,0,0,0,0,0,0,0,0,0,0,0,0,0,0
48924,48,24,District 24,Congressional District,296218,2,1,0,119097,177121,0,0,0,0,0,0,0,0,0,0,0,0,0,0,0,0,0,0,0,0
48925,48,25,District 25,Congressional District,184850,0,1,0,0,184850,0,0,0,0,0,0,0,0,0,0,0,0,0,0,0,0,0,0,0,0
48926,48,26,District 26,Congressional District,264587,0,1,0,0,183379,0,81208,0,0,0,0,0,0,0,0,0,0,0,0,0,0,0,0,0,0
48927,48,27,District 27,Congressional District,206656,2,1,0,73370,133286,0,0,0,0,0,0,0,0,0,0,0,0,0,0,0,0,0,0,0,0
48928,48,28,District 28,Congressional District,164957,1,2,0,93393,71564,0,0,0,0,0,0,0,0,0,0,0,0,0,0,0,0,0,0,0,0
48929,48,29,District 29,Congressional District,100014,1,2,0,71379,28635,0,0,0,0,0,0,0,0,0,0,0,0,0,0,0,0,0,0,0,0
48930,48,30,District 30,Congressional District,179154,1,2,3,134011,39022,3807,1862,0,0,0,0,0,0,0,0,0,0,452,0,0,0,0,0,0,0
48931,48,31,District 31,Congressional District,182704,0,1,0,0,182704,0,0,0,0,0,0,0,0,0,0,0,0,0,0,0,0,0,0,0,0
48932,48,32,District 32,Congressional District,176582,1,2,0,115350,61232,0,0,0,0,0,0,0,0,0,0,0,0,0,0,0,0,0,0,0,0
48933,48,33,District 33,Congressional District,113599,1,2,0,81764,29099,0,2736,0,0,0,0,0,0,0,0,0,0,0,0,0,0,0,0,0,0
48934,48,34,District 34,Congressional District,134239,1,2,3,70759,59404,4076,0,0,0,0,0,0,0,0,0,0,0,0,0,0,0,0,0,0,0
48935,48,35,District 35,Congressional District,177915,1,2,0,129084,48831,0,0,0,0,0,0,0,0,0,0,0,0,0,0,0,0,0,0,0,0
48936,48,36,District 36,Congressional District,208839,2,1,0,63697,145142,0,0,0,0,0,0,0,0,0,0,0,0,0,0,0,0,0,0,0,0
48937,48,37,District 37,Congressional District,285398,1,2,0,219149,59879,0,6329,0,0,0,0,0,0,0,0,0,0,41,0,0,0,0,0,0,0
48938,48,38,District 38,Congressional District,258713,2,1,3,91768,162992,3953,0,0,0,0,0,0,0,0,0,0,0,0,0,0,0,0,0,0,0
49901,49,01,District 1,Congressional District,260875,2,1,0,85462,175413,0,0,0,0,0,0,0,0,0,0,0,0,0,0,0,0,0,0,0,0
49902,49,02,District 2,Congressional District,254198,2,1,0,86168,152043,0,0,0,7503,0,0,0,0,0,0,0,0,8484,0,0,0,0,0,0,0
49903,49,03,District 3,Congressional District,16579,0,0,0,0,0,0,0,0,16575,0,0,0,0,4,0,0,0,0,0,0,0,0,0,0,0
49904,49,04,District 4,Congressional District,249148,2,1,0,80521,152266,0,0,0,0,0,0,0,0,0,0,0,0,16342,19,0,0,0,0,0,0
50901,50,01,At Large,Congressional District,282026,1,2,0,176494,78397,0,12589,0,0,0,0,0,1005,0,0,0,0,5737,3376,4428,0,0,0,0,0
51901,51,01,District 1,Congressional District,342387,2,1,3,146804,191947,3392,0,0,0,0,0,0,244,0,0,0,0,0,0,0,0,0,0,0,0
51902,51,02,District 2,Congressional District,296957,2,1,0,143196,153314,0,0,0,0,0,0,0,447,0,0,0,0,0,0,0,0,0,0,0,0
51903,51,03,District 3,Congressional District,207077,1,2,0,139030,67511,0,0,0,0,0,0,0,536,0,0,0,0,0,0,0,0,0,0,0,0
51904,51,04,District 4,Congressional District,241993,1,2,0,156436,85180,0,0,0,0,0,0,0,377,0,0,0,0,0,0,0,0,0,0,0,0
51905,51,05,District 5,Congressional District,305353,2,1,0,128468,176273,0,0,0,0,0,0,0,612,0,0,0,0,0,0,0,0,0,0,0,0
51906,51,06,District 6,Congressional District,269230,2,1,0,95406,173352,0,0,0,0,0,0,0,472,0,0,0,0,0,0,0,0,0,0,0,0
51907,51,07,District 7,Congressional District,274497,1,2,0,143315,130535,0,0,0,0,0,0,0,647,0,0,0,0,0,0,0,0,0,0,0,0
51908,51,08,District 8,Congressional District,267726,1,2,3,196827,66346,4047,0,0,0,0,0,0,506,0,0,0,0,0,0,0,0,0,0,0,0
51909,51,09,District 9,Congressional District,248660,2,1,0,65954,182142,0,0,0,0,0,0,0,564,0,0,0,0,0,0,0,0,0,0,0,0
51910,51,10,District 10,Congressional District,296133,1,2,0,157398,138158,0,0,0,0,0,0,0,577,0,0,0,0,0,0,0,0,0,0,0,0
51911,51,11,District 11,Congressional District,289676,1,2,0,193190,95634,0,0,0,0,0,0,0,852,0,0,0,0,0,0,0,0,0,0,0,0
53901,53,01,District 1,Congressional District,282217,1,2,0,178967,102898,0,0,0,0,0,0,0,352,0,0,0,0,0,0,0,0,0,0,0,0
53902,53,02,District 2,Congressional District,325042,1,2,0,196197,128276,0,0,0,0,0,0,0,569,0,0,0,0,0,0,0,0,0,0,0,0
53903,53,03,District 3,Congressional District,316565,1,2,0,158922,155870,0,0,0,0,0,0,0,1773,0,0,0,0,0,0,0,0,0,0,0,0
53904,53,04,District 4,Congressional District,217882,2,1,0,67726,145168,0,0,0,0,0,0,0,4988,0,0,0,0,0,0,0,0,0,0,0,0
53905,53,05,District 5,Congressional District,290007,2,1,0,117659,171682,0,0,0,0,0,0,0,666,0,0,0,0,0,0,0,0,0,0,0,0
53906,53,06,District 6,Congressional District,324412,1,2,0,197163,126902,0,0,0,0,0,0,0,347,0,0,0,0,0,0,0,0,0,0,0,0
53907,53,07,District 7,Congressional District,336830,1,2,0,287276,48110,0,0,0,0,0,0,0,1444,0,0,0,0,0,0,0,0,0,0,0,0
53908,53,08,District 8,Congressional District,331724,1,2,0,176342,154306,0,0,0,0,0,0,0,1076,0,0,0,0,0,0,0,0,0,0,0,0
53909,53,09,District 9,Congressional District,235068,1,2,0,167952,66636,0,0,0,0,0,0,0,480,0,0,0,0,0,0,0,0,0,0,0,0
53910,53,10,District 10,Congressional District,255146,1,2,0,144904,109843,0,0,0,0,0,0,0,399,0,0,0,0,0,0,0,0,0,0,0,0
54901,54,01,District 1,Congressional District,227160,2,1,3,65421,151483,10256,0,0,0,0,0,0,0,0,0,0,0,0,0,0,0,0,0,0,0
54902,54,02,District 2,Congressional District,244697,2,1,0,84254,160443,0,0,0,0,0,0,0,0,0,0,0,0,0,0,0,0,0,0,0,0
55901,55,01,District 1,Congressional District,300782,2,1,0,135788,162562,0,0,0,0,0,0,0,185,0,0,0,0,2247,0,0,0,0,0,0,0
55902,55,02,District 2,Congressional District,378425,1,2,3,268661,101855,7682,0,0,0,0,0,0,227,0,0,0,0,0,0,0,0,0,0,0,0
55903,55,03,District 3,Congressional District,312502,2,1,0,149804,162492,0,0,0,0,0,0,0,206,0,0,0,0,0,0,0,0,0,0,0,0
55904,55,04,District 4,Congressional District,301778,1,2,3,192226,57660,51659,0,0,0,0,0,0,233,0,0,0,0,0,0,0,0,0,0,0,0
55905,55,05,District 5,Congressional District,378556,2,1,0,134558,243718,0,0,0,0,0,0,0,280,0,0,0,0,0,0,0,0,0,0,0,0
55906,55,06,District 6,Congressional District,253091,0,1,0,0,239217,0,0,0,0,0,0,0,13874,0,0,0,0,0,0,0,0,0,0,0,0
55907,55,07,District 7,Congressional District,338303,2,1,0,128879,209269,0,0,0,0,0,0,0,155,0,0,0,0,0,0,0,0,0,0,0,0
55908,55,08,District 8,Congressional District,309658,0,1,2,0,223779,48717,32021,0,0,0,0,0,5141,0,0,0,0,0,0,0,0,0,0,0,0
56901,56,01,At Large,Congressional District,193857,2,1,0,47241,132172,0,5420,0,4503,0,0,0,4521,0,0,0,0,0,0,0,0,0,0,0,0
